cluster_id	KSLabel
0	mua
1	mua
2	mua
3	good
4	mua
5	mua
6	good
7	mua
8	mua
9	mua
10	mua
11	mua
12	mua
13	mua
14	mua
15	mua
16	mua
17	mua
18	mua
19	good
20	good
21	good
22	mua
23	good
24	good
25	good
26	mua
27	mua
28	mua
29	mua
30	good
31	good
32	good
33	mua
34	mua
35	good
36	good
37	good
38	good
39	mua
40	mua
41	good
42	good
43	mua
44	good
45	mua
46	good
47	mua
48	mua
49	mua
50	mua
51	good
52	good
53	good
54	mua
55	mua
56	mua
57	good
58	mua
59	mua
60	mua
61	mua
62	mua
63	mua
64	mua
65	mua
66	mua
67	good
68	mua
69	mua
70	mua
71	good
72	good
73	mua
74	good
75	mua
76	mua
77	good
78	good
79	mua
80	mua
81	mua
82	mua
83	mua
84	mua
85	mua
86	good
87	mua
88	mua
89	mua
90	mua
91	good
92	good
93	mua
94	mua
95	mua
96	mua
97	good
98	mua
99	good
100	mua
101	mua
102	good
103	mua
104	mua
105	mua
106	mua
107	good
108	mua
109	mua
110	mua
111	mua
112	good
113	mua
114	mua
115	mua
116	mua
117	mua
118	mua
119	mua
120	mua
121	mua
122	mua
123	good
124	mua
125	mua
126	mua
127	mua
128	mua
129	mua
130	good
131	good
132	mua
133	mua
134	mua
135	mua
136	mua
137	mua
138	good
139	mua
140	good
141	mua
142	mua
143	mua
144	mua
145	mua
146	good
147	mua
148	mua
149	mua
150	good
151	mua
152	good
153	mua
154	mua
155	mua
156	mua
157	mua
158	mua
159	good
160	mua
161	good
162	mua
163	mua
164	mua
165	good
166	mua
