cluster_id	Amplitude
0	35.2
1	55.9
2	22.2
3	42.8
4	18.5
5	23.4
6	32.7
7	56.2
8	7.9
9	22.6
10	13.5
11	24.0
12	30.6
13	22.0
14	19.7
15	21.1
16	27.5
17	25.6
18	16.8
19	67.6
20	70.4
21	31.3
22	11.1
23	43.3
24	52.6
25	48.9
26	17.5
27	16.3
28	16.4
29	11.3
30	70.5
31	61.2
32	53.1
33	12.9
34	58.1
35	54.4
36	77.2
37	80.7
38	48.2
39	7.4
40	13.9
41	46.2
42	33.8
43	39.2
44	46.4
45	35.8
46	59.3
47	15.0
48	14.8
49	27.2
50	23.2
51	63.6
52	44.8
53	39.1
54	19.0
55	13.5
56	19.9
57	61.1
58	17.3
59	29.6
60	20.1
61	38.9
62	15.9
63	32.3
64	29.5
65	24.7
66	18.7
67	93.5
68	51.5
69	20.1
70	24.1
71	49.1
72	53.6
73	15.8
74	143.7
75	18.4
76	18.6
77	65.8
78	61.2
79	21.1
80	11.0
81	14.5
82	38.8
83	37.7
84	16.3
85	17.5
86	34.1
87	10.8
88	18.6
89	34.1
90	15.4
91	83.3
92	35.8
93	25.8
94	8.9
95	25.4
96	28.1
97	60.8
98	16.3
99	59.0
100	23.6
101	13.0
102	49.3
103	24.9
104	19.5
105	29.1
106	13.7
107	80.1
108	17.3
109	65.0
110	19.8
111	15.7
112	95.4
113	5.9
114	44.6
115	18.2
116	23.9
117	26.2
118	19.1
119	21.3
120	19.6
121	13.7
122	14.6
123	42.2
124	60.5
125	44.1
126	22.4
127	19.1
128	14.3
129	23.2
130	51.4
131	80.0
132	21.9
133	17.1
134	20.1
135	22.2
136	14.9
137	15.0
138	74.5
139	20.8
140	83.0
141	34.0
142	27.0
143	18.6
144	17.7
145	6.1
146	81.1
147	15.3
148	26.3
149	17.9
150	79.3
151	13.6
152	87.5
153	20.4
154	12.0
155	36.0
156	11.2
157	23.0
158	22.7
159	61.5
160	11.5
161	51.8
162	12.6
163	11.6
164	22.2
165	59.7
166	16.8
