cluster_id	ContamPct
0	210.7
1	85.2
2	726.3
3	0.0
4	135.0
5	139.9
6	0.0
7	29.0
8	155.4
9	141.9
10	332.2
11	477.6
12	440.1
13	560.8
14	252.0
15	246.0
16	222.2
17	80.5
18	222.1
19	0.0
20	0.0
21	0.0
22	161.8
23	0.0
24	0.0
25	0.0
26	246.8
27	204.4
28	192.7
29	235.3
30	0.0
31	0.0
32	0.0
33	331.6
34	0.0
35	0.0
36	0.0
37	0.0
38	0.0
39	191.2
40	383.6
41	0.0
42	0.0
43	137.9
44	0.0
45	70.2
46	0.0
47	521.2
48	330.5
49	322.0
50	258.9
51	0.0
52	0.0
53	0.0
54	274.4
55	302.1
56	289.2
57	0.0
58	604.2
59	222.3
60	329.2
61	333.5
62	227.6
63	559.1
64	329.9
65	261.6
66	484.8
67	0.0
68	0.0
69	278.6
70	145.8
71	0.0
72	0.0
73	338.5
74	0.0
75	660.7
76	205.2
77	0.0
78	0.0
79	180.1
80	173.4
81	224.3
82	42.6
83	178.0
84	557.1
85	249.9
86	0.0
87	348.3
88	571.0
89	503.9
90	453.6
91	0.0
92	0.0
93	258.1
94	202.9
95	253.8
96	139.7
97	0.0
98	283.4
99	0.0
100	111.2
101	206.4
102	0.0
103	103.0
104	197.3
105	218.2
106	326.6
107	0.0
108	442.7
109	0.0
110	239.1
111	565.4
112	0.0
113	201.6
114	210.9
115	175.5
116	338.0
117	150.0
118	223.9
119	111.5
120	189.5
121	169.7
122	249.2
123	0.0
124	0.0
125	0.0
126	320.2
127	455.7
128	307.3
129	256.3
130	0.0
131	0.0
132	179.4
133	195.4
134	177.5
135	104.7
136	199.3
137	157.1
138	0.0
139	128.7
140	0.0
141	160.3
142	184.9
143	211.4
144	600.7
145	180.3
146	0.0
147	384.1
148	259.1
149	266.2
150	0.0
151	488.5
152	0.0
153	136.8
154	329.6
155	84.5
156	207.1
157	446.3
158	401.9
159	0.0
160	313.2
161	0.0
162	297.9
163	439.0
164	284.4
165	0.0
166	229.4
